epoch,train_loss,train_box,train_cls,train_obj,val_loss,val_box,val_cls,val_obj,precision,recall,map50,map5095,lr
1,3.7182993770424835,0.9679859834558824,0.8981585733251634,0.013963906281913806,1.6202853901745522,0.5116583248387733,0.35403568358862236,0.011630003855108671,0.0,0.0,0.22931991139627653,0.22931991139627653,5e-05
2,1.602432470383987,0.5941020092933007,0.31837932112949346,0.013303081038730596,0.6471233174000701,0.20678154453975425,0.13293372661292077,0.010385147916773954,0.0,0.0,0.5850144995843742,0.5850144995843742,0.0001
3,0.9879404105392157,0.47397365196078434,0.1555624170241013,0.011819787118949142,0.4194750644300626,0.18319724850594726,0.06788764915112236,0.008153716531756535,0.0,0.0,0.49013192646032255,0.49013192646032255,0.00015
4,0.8220811631944445,0.46153364991830065,0.10776656406377655,0.009311760796440973,0.3338681378797309,0.18140006749189064,0.04373410366383619,0.00531644010533617,0.6897959183673441,0.09679266895761736,0.7272230346300533,0.7272230346300533,0.0002
5,0.751165811376634,0.4569699754901961,0.08884979946161407,0.006913014330895118,0.40275529721011855,0.18425095697107924,0.0672667302677916,0.004176037567859031,0.23806366047745345,0.2056128293241694,0.7054031882578762,0.7054031882578762,0.00025
6,0.7197820925245098,0.46062506382761437,0.07898354623831955,0.005548948400160845,0.3072560544223546,0.18459371963864593,0.037362530013013706,0.0026436861350358416,0.7488584474885828,0.18785796105383726,0.7524952630350306,0.7524952630350306,0.0003
7,0.6793115553513072,0.45661924274918303,0.06777052536509395,0.004845233992034314,0.23996340520850054,0.18147909158168862,0.015741465623080136,0.0028149792578998425,0.47658688865764803,0.5246277205040089,0.8009411492325481,0.8009411492325481,0.00035
8,0.6274991702410131,0.4576650582107843,0.05051694695466484,0.004568319383010366,0.26501452239000634,0.18414751885960637,0.02362104391656044,0.0025009676956541872,0.6080566140446377,0.6397479954180981,0.889321216352166,0.889321216352166,0.0004
9,0.6381880616830066,0.455779909620098,0.05483402426725899,0.004476868872549019,0.5116681272172492,0.1807692905539247,0.10568470972823776,0.003461176426932386,0.313611491108071,0.5252004581901486,0.6856680617186932,0.6856680617186932,0.00045000000000000004
10,0.6101565691380719,0.45792579401552286,0.044998263689427595,0.004309219160890268,0.19122069682840886,0.1791646001886015,0.0013545186099512333,0.0019981353373594206,0.7467766890149559,0.8293241695303547,0.9504914091901434,0.9504914091901434,0.0005
11,0.35994067223243464,0.23266394122753267,0.0399193941378126,0.0018792482762554892,0.20497226313641081,0.18091627305637212,0.0057932235292301485,0.0016690799089352766,0.701030927835051,0.5452462772050398,0.8624841440052229,0.8624841440052229,0.000499965894595621
12,0.3473947163500817,0.22444757199754903,0.038536850611368814,0.0018337361952837775,0.22763579832092268,0.1808299411037197,0.013117118374195767,0.0018636259440647344,0.5444444444444443,0.7577319587628862,0.9253863324047077,0.9253863324047077,0.0004998635877065611
13,0.31726329529207514,0.22193675321691175,0.029473202212963227,0.0017261181002348857,0.19436227775191608,0.18052332787072822,0.002600841361739073,0.0015091064474311525,0.6406473108043786,0.7709049255441004,0.9395844964378915,0.9395844964378915,0.000499693107302502
14,0.338845805249183,0.23316243489583333,0.03284235686258553,0.0017897238139233558,0.20002683534469778,0.18270692185043744,0.0034071093899719885,0.0017746462035907187,0.5551238465274403,0.6546391752577316,0.9009122661871064,0.9009122661871064,0.0004994544999910842
15,0.3136734706903595,0.2225210950265523,0.0281335369434232,0.0016880496654635162,0.18320292145966394,0.17551076701378712,0.0007562934701808316,0.0013558184892815202,0.7270128632682227,0.873997709049255,0.964942811365594,0.964942811365594,0.0004991478310051641
16,0.2996712877859477,0.21879707286560457,0.02476727557338141,0.0016428230634701797,0.18239556668011564,0.17570892432236782,0.00038420018075793115,0.0013835104947833167,0.6646833829154268,0.8957617411225653,0.9634953974124448,0.9634953974124448,0.0004987731841849803
17,0.30440298840890523,0.221505757250817,0.025414121228885027,0.0016643274843303206,0.1765192781137005,0.16975752924267015,0.0005069169616268216,0.0013102497663625334,0.7263986013986011,0.9518900343642607,0.9517791239117571,0.9517791239117571,0.0004983306619552327
18,0.283938578686683,0.20966413909313725,0.022623228559307023,0.0016012160606633603,0.13689106906930062,0.13012250070566456,0.0005296792975997927,0.001294882572043398,0.7732062217762165,0.8825887743413512,0.9570965351479269,0.9570965351479269,0.0004978203852970802
19,0.25129362617442813,0.18723375906352124,0.019263055121976565,0.0015667759515101613,0.1291935224783475,0.12306293100118637,0.00039166462275180456,0.0012388994915147214,0.7428847081524358,0.8820160366552114,0.9633933551411596,0.9633933551411596,0.0004972424937150663
20,0.2674728892207925,0.18508045470792484,0.02531634187386706,0.0016123590905681934,0.1076148658582609,0.10143627097073211,0.00043745606173665503,0.0012165567110458465,0.8254203758654793,0.9558991981672389,0.9820172987834566,0.9820172987834566,0.0004965971451989791
21,0.25154909620098037,0.176889058032067,0.02278713977414798,0.0015752206440844568,0.10355566401187688,0.09771498741760645,0.00032111053395172213,0.0012193362788854329,0.8043922369765063,0.9020618556701027,0.9489937161977965,0.9489937161977965,0.0004958845161806593
22,0.24893256293402777,0.16779130923202615,0.024929665895848493,0.0015883825962839562,0.10277883596207997,0.0968771520917002,0.00038199007487749534,0.0011889284469195766,0.8280519480519477,0.9129438717067578,0.9555005344399152,0.9555005344399152,0.0004951048014857649
23,0.2311987783394608,0.16306248085171568,0.020693796912049936,0.0015142141603956035,0.09948664759051855,0.09362380075604404,0.0003664907520253118,0.0011908437466125544,0.8041440552540697,0.9335624284077887,0.9721771412549424,0.9721771412549424,0.0004942582142805081
24,0.23407181883169934,0.16545362285539217,0.02081881161608727,0.0015402239132550808,0.0972739839628679,0.091646091952988,0.0003101944829178889,0.0011743272460155087,0.8087403598971719,0.9009163802978232,0.9732782953696965,0.9732782953696965,0.0004933449860133776
25,0.21707923240910948,0.15639815984987746,0.01823241850909065,0.0014950957952761183,0.09331431620877627,0.08796433446137872,0.00027322358568464765,0.0011325777318545503,0.8199214916584884,0.9570446735395184,0.9728514385490845,0.7894079683073277,0.000492365366351863
26,0.20512719247855393,0.15104046989889705,0.016097036374160666,0.0014494553110957925,0.09052543592167227,0.08531252742153869,0.0002457890189789686,0.0011188854090231535,0.8141176470588232,0.9908361970217635,0.9864203995804851,0.813299845246185,0.0004913196231141986
27,0.19765146292892158,0.14033857358047386,0.01715239076053395,0.0014649509604460274,0.08802134574276127,0.08275609454948064,0.0002625343043885521,0.001119412122704684,0.8148323098724607,0.9879725085910648,0.9838384646790356,0.8224194699518114,0.0004902080421961438
28,0.20161587584252452,0.14551475375306372,0.016728330749312258,0.0014795072717604294,0.08795422878643694,0.08266507014292016,0.00027247732386926455,0.0011179316897885067,0.8241230177799131,0.9822451317296673,0.9809344490939543,0.8226272183632899,0.0004890309274928223
29,0.1984316757301879,0.14015283522263072,0.01746813222473743,0.0014688604018267464,0.08625108071658165,0.08105326517055568,0.00026897794933039185,0.0010977205336646742,0.8290926548247716,0.9891179839633443,0.9876575535638824,0.8280268785953974,0.00048778860081564096
30,0.18888170828227124,0.13679550270629084,0.015445345990798052,0.0014385329352484808,0.0850491885555117,0.07996495833543882,0.0002295923200419989,0.0010988633084582956,0.8245112064854551,0.9902634593356238,0.9874069403022145,0.8347588598565971,0.00048648140180430845
31,0.20067521637561275,0.13730388965482027,0.019170499782936244,0.0014650288750143613,0.08407817163491903,0.07890132438714646,0.00025677639499602234,0.0011016295334541125,0.8437806072477959,0.9868270332187853,0.9897948950987423,0.836852344354635,0.0004851096878339824
32,0.19317515254799836,0.138830646190768,0.016246751242992925,0.0014002575593836167,0.08388420599236336,0.0787536524338265,0.00025976725259145133,0.0010878129425824334,0.8386783284742465,0.9885452462772045,0.9879051061443648,0.8366264352637588,0.00048367383391756565
33,0.17010290607128267,0.12828440946691178,0.012142998252818787,0.0013476546293769787,0.08211538673603916,0.07710202847985917,0.00026046716542723144,0.0010579892500095307,0.8511582060128138,0.9891179839633443,0.9884250635664492,0.8447098041906264,0.00048217423260318203
34,0.17485056359783496,0.12808813955269607,0.01377719523859959,0.0013583183288574218,0.08085949016420264,0.0759426141370377,0.00025186338335686026,0.0010403215246738602,0.8560794044665009,0.9879725085910648,0.9862110555485477,0.848414948892913,0.00048061129386685764
35,0.18102269390829248,0.12919355404922386,0.015437311128853192,0.001379748575048509,0.08008820944589022,0.07518783228718527,0.00024948097103898365,0.0010379836538415316,0.8614157527417743,0.989690721649484,0.987029245404271,0.8512331868447651,0.00047898544500043697
36,0.17432534211601308,0.12779780369178922,0.013699026668772978,0.0013580035540013532,0.07943913304846581,0.07449842616915703,0.00026499991226499074,0.0010364267796482125,0.8683417085427132,0.989690721649484,0.9875714884986321,0.8516201914161895,0.0004772971304947662
37,0.1712482128267974,0.12239766837724673,0.014470534854465061,0.0013600193597132864,0.078664129234204,0.07371663288574785,0.0002752792779366873,0.001030414652815046,0.8705941591137962,0.9902634593356238,0.9876328846410244,0.8538062942567102,0.00047554681191817346
38,0.1666405771292892,0.12095947265625,0.013482374926797705,0.0013088550442963644,0.07790507468050473,0.07296850636057113,0.00028413436261269363,0.0010210413009472633,0.8648379052369073,0.9931271477663225,0.9896720295760282,0.8566174693557261,0.00047373496779028066
39,0.16785202525020426,0.12354066138174019,0.012979921172646916,0.0013429785086438548,0.07750687823039756,0.07257841814938745,0.0002780974289502302,0.0010235419081732393,0.8657014478282572,0.9931271477663225,0.9899122123640735,0.8579429556122056,0.00047186209345118134
40,0.17477684270322713,0.1251931583180147,0.014706504578683891,0.0013663877848706213,0.07747334333723538,0.07253789510492865,0.0002754588380719633,0.0010272679304529713,0.8627548483341617,0.9936998854524622,0.989429646395417,0.8569817752081355,0.0004699287009260192
41,0.17502313751021242,0.12497502744587419,0.014877112862331416,0.0013545210844551037,0.07724993218365869,0.07234902224039923,0.0002597208531120511,0.001030436871131057,0.8626865671641787,0.9931271477663225,0.9902073425790882,0.8588215276185374,0.0004679353187850058
42,0.18201648986417485,0.1275192759395425,0.016271520751753664,0.0014204935310712828,0.07747462866445111,0.0725758158044728,0.0002538863502785172,0.0010342885042140984,0.8609731876861962,0.9931271477663225,0.9910932277534382,0.8591301427368089,0.00046588249199891484
43,0.16880808312908496,0.12451746323529411,0.012987669776467717,0.0013317108154296876,0.07740590490026561,0.07248359935604819,0.000258817787632478,0.0010364630193657935,0.8654037886340973,0.994272623138602,0.9914643371130732,0.8597470947978625,0.00046377078179009215
44,0.1646920796313317,0.11974618949142157,0.013245348681032268,0.0013031248952828202,0.07707363652856383,0.07216711543058152,0.0002606897690645993,0.0010311128874628307,0.8693039559339004,0.994272623138602,0.9915173265198499,0.8596977821388796,0.00046160076547902354
45,0.17135512408088235,0.12123377182904412,0.01494067073647493,0.0013242989583732256,0.07689404053843185,0.07197009846908317,0.00026867214601474166,0.0010294813953008349,0.8662674650698599,0.994272623138602,0.9916523534394709,0.8610437948435077,0.00045937303632650106
46,0.15837641697303922,0.11727773628982843,0.012018351773031398,0.0012597034180086423,0.07660245439505468,0.07168296843631082,0.0002718632017500426,0.0010259741798710911,0.8706118355065192,0.994272623138602,0.9919107221188602,0.8632332681474774,0.0004570882033714312
47,0.17547064887152777,0.11918378842422385,0.016968746434629353,0.0013459342757081675,0.07648919760908711,0.0715539396897843,0.00028072787168622866,0.0010232685793501635,0.8736789129340711,0.994272623138602,0.9918973768253243,0.8631186248514542,0.00045474689126433004
48,0.1623446595435049,0.11867931091707516,0.01283532949834088,0.0012905837663638045,0.07629118762808303,0.07139199053587979,0.0002737215174054812,0.0010195082073742056,0.8702404809619234,0.9948453608247417,0.9919857471551209,0.8651589881865498,0.0004523497400965496
49,0.14847300411049835,0.11274757135927288,0.010232379545573315,0.0012569277894263174,0.07600629839995136,0.07113144482107467,0.00026948690994113225,0.001016598222213776,0.8684999999999996,0.9948453608247417,0.9921079639750296,0.8658817804117099,0.00044989740522528393
50,0.1603945663551879,0.11566975911458334,0.013178536627027724,0.0012976777319814645,0.075756392981772,0.07089255265381238,0.0002688189378283603,0.0010143459365771208,0.8667664670658679,0.9948453608247417,0.992093869542071,0.8665224002568703,0.0004473905570944005
51,0.1535821652879902,0.11304923662173202,0.011813207389482485,0.0012729283251793557,0.07552834549178816,0.07067370557621734,0.00026777992343963823,0.0010128249759790084,0.8649725959142995,0.994272623138602,0.992130740030241,0.866998328811275,0.00044482988105114734
52,0.15076644997191585,0.11093315174377043,0.011630295616349364,0.001234843060861226,0.07527121062896568,0.07042589632275442,0.00026760859377458946,0.0010106221562225933,0.8666999500748873,0.994272623138602,0.9922247751360731,0.8678576698706746,0.0004422160771587866
53,0.14824713414011437,0.11074661554074755,0.010874339645984126,0.0012198105357051675,0.07497537668505216,0.07015659386232563,0.0002647560266841662,0.0010061286941072882,0.8690654672663665,0.9959908361970212,0.9924820508852931,0.8699017112437574,0.0004395498600052038
54,0.15495832854626226,0.11313488530177696,0.012281122862123975,0.0012453428280898948,0.07472062784515016,0.06991219433815513,0.00026642449579433405,0.0010022899996038508,0.8734304369663481,0.9959908361970212,0.9925237896178721,0.8705935739218329,0.00043683195850754665
55,0.1520340265012255,0.11412983813316993,0.010964374137080573,0.0012528151468513837,0.07455601568703782,0.06974673635203,0.0002713191845788106,0.0009988303770434503,0.8747484909456736,0.9959908361970212,0.9924935345791558,0.871194504907276,0.0004340631157129466
56,0.14684795304840687,0.11218548943014706,0.009916054189594743,0.0012289190604016671,0.07436898747059308,0.06957836105535019,0.00027078151961758767,0.0009945704041954692,0.8765120967741932,0.9959908361970212,0.9924057129200339,0.871522109098992,0.00043124408859537697
57,0.14185591554330065,0.1089554132199755,0.009351322074341618,0.0012113141078574986,0.07412203966074338,0.06936187599891941,0.000265240949258574,0.0009911102854081144,0.8813988849467811,0.9959908361970212,0.992367686597104,0.8727410116460493,0.0004283756478487038
58,0.1407266454758987,0.10681327869689543,0.009747492721657348,0.0011674307530222376,0.07388519810419104,0.06913899133602779,0.00026466194157526916,0.0009880553225063843,0.8799999999999996,0.9954180985108815,0.9919226545190784,0.873573251131248,0.00042545857767598607
59,0.15233417585784315,0.11127694323171977,0.012060105099397547,0.0012198311051512076,0.07364198604607147,0.06891561391418927,0.0002625944950303156,0.0009846471597708456,0.8808920425747588,0.9954180985108815,0.9918947782623111,0.8736966797985172,0.0004224936755750824
60,0.14810527726715686,0.1104846430759804,0.010922180593403337,0.0012136365853103936,0.07340833662103301,0.06871445577370522,0.0002572614659468078,0.000980524135993785,0.8830111902339772,0.994272623138602,0.9917740852275451,0.8738134718388911,0.00041948175212062265
61,0.14957933612898283,0.11149603151807598,0.011071192984487496,0.001216873468137255,0.07319992877645036,0.06852818772060686,0.00025576224737188283,0.0009761136091637455,0.8839103869653764,0.994272623138602,0.9917437241719427,0.8734123164881854,0.0004164236307424054
62,0.14211649177900326,0.10883350247651144,0.009546611199971118,0.0011616887609943065,0.07295801823950249,0.06830713732942054,0.0002548396495674826,0.000971590623803879,0.8889457523029679,0.9948453608247417,0.9916878072430135,0.8748828311639356,0.0004133201475002802
63,0.15274418849571078,0.11086621253319036,0.01234088582930222,0.0012137880512312347,0.07278304943415127,0.06815753999638231,0.000252072666609579,0.000967322838371492,0.8902564102564099,0.994272623138602,0.9916798727361517,0.8759584229569308,0.00041017215085557764
64,0.14720363242953433,0.11016829746221406,0.01075232714609383,0.0011950449226728452,0.0726717834841443,0.06806847022752784,0.00025132361288633215,0.0009623356705710088,0.8916281458654336,0.994272623138602,0.9916921722983666,0.8758744774608787,0.0004069805014391477
65,0.14031396005667893,0.10299443263633579,0.010870710852878546,0.0011765286813374437,0.07251649438382284,0.0679275083725583,0.00025162023314610803,0.0009585313095507046,0.8999481596682215,0.994272623138602,0.9915693029228017,0.8757988611301176,0.0004037460718160723
66,0.14216599807240604,0.1055438272314134,0.01061571626102223,0.0011938444150039573,0.07235970332810324,0.0677882710718401,0.00025281726704808337,0.0009532451297934742,0.9003632589517381,0.9936998854524622,0.9914930861780121,0.8764311051490671,0.0004004697462471149
67,0.1337454203686683,0.10323705735549428,0.008604244313208885,0.001174173168107575,0.07213787783838843,0.06759593072751341,0.00024929220558805436,0.0009485175732106447,0.9036458333333329,0.9936998854524622,0.9914654803685027,0.8774274811566588,0.0003971524204469723
68,0.14236916934742647,0.10551334954554739,0.01072244410421334,0.0011726111368416182,0.07191082602154174,0.06739904665171284,0.0002449452756775424,0.0009442359213313284,0.9065274151436027,0.994272623138602,0.9918220298499355,0.8788425595358357,0.0003937950013393946
69,0.14198740042892158,0.10361475726358252,0.01121092793209101,0.0011849041857750588,0.07166823372244835,0.06717334725132816,0.0002452998572123794,0.0009397468322326672,0.907997909043387,0.9948453608247417,0.9918057198583273,0.8801456982798191,0.0003903984068092425
70,0.13217095269097223,0.10204914566738153,0.008529005486980762,0.0011343239179623672,0.07143821739102607,0.06695922506658454,0.00024479463471622804,0.0009361521705568313,0.9098059779758779,0.9936998854524622,0.9913883638875797,0.88022910120236,0.0003869635654515457
71,0.13682669845281864,0.10494775709763073,0.009099017249213324,0.0011454999836441738,0.07123870104891525,0.06676793780569072,0.0002457847793216575,0.0009333522300359253,0.9121514992109412,0.9931271477663225,0.9917348292815625,0.8806348479978565,0.0003834914163176346
72,0.13273423138786763,0.1018722234987745,0.008777884096881143,0.0011316567464591631,0.07107533220218741,0.06662472405526192,0.0002436773103585288,0.0009298941245957461,0.9135932560590091,0.9931271477663225,0.9916600434112902,0.8812485907059642,0.00037998290865841333
73,0.13337597815819036,0.10254412881689134,0.008759781581903594,0.0011386297886667688,0.07100739753613733,0.06656839897575444,0.0002440821317494443,0.0009266880439747482,0.9155227032734948,0.9931271477663225,0.9915683201806625,0.8813942285853338,0.0003764390016648436
74,0.13593646280126634,0.10139235951542075,0.01001176382201949,0.0011275216644885493,0.07094352173546678,0.06652351397357575,0.00024303529487569822,0.0009227254987188262,0.9155672823218993,0.9936998854524622,0.9914726350340628,0.8820769922004889,0.0003728606642057119
75,0.13537035175398285,0.1053109761157067,0.008504755356732537,0.0011358722362642974,0.07073490226377635,0.066339150921667,0.00023990693656551187,0.0009190077095007584,0.9179894179894176,0.9936998854524622,0.9913809800814525,0.8825507030162075,0.00036924887456275005
76,0.14029852175245097,0.10590429368361928,0.009897034464318768,0.0011762456956252553,0.07072565665460068,0.06633700338536747,0.00023994096226567088,0.0009172075283479745,0.9194061505832445,0.9931271477663225,0.9913442427411556,0.8826173497621765,0.0003656046201631828
77,0.14192764182495915,0.10453076331444036,0.010896255299935933,0.0011778843948264527,0.0707181752510539,0.06633661467939207,0.00024090491594867908,0.0009147114684958368,0.9189189189189185,0.9931271477663225,0.9912815880176754,0.8828810342398375,0.00036192889730977544
78,0.12590096666921977,0.09728808434180965,0.008030471303104575,0.0011302891899557675,0.07073647710898695,0.06636480330468313,0.00024131147925036037,0.0009119347023318382,0.9204244031830234,0.9936998854524622,0.9911242613923479,0.8827105243427837,0.0003582227109084541
79,0.12805770175908907,0.0984259312448938,0.008407345784255883,0.0011027841007008271,0.07071874562872055,0.06635235833454894,0.00024282543007794717,0.0009094777274621677,0.9204244031830234,0.9936998854524622,0.9911263216910442,0.8830699087429705,0.0003544870741935751
80,0.13609112508935867,0.1019857967601103,0.009822969498977163,0.0011586357565487133,0.07072455434290241,0.06636970519134987,0.0002423402946734733,0.0009069570271642751,0.9204244031830234,0.9936998854524622,0.9910373090974632,0.8827824195003021,0.00035072300845091607
81,0.13122147703482434,0.0964651469311683,0.010075144830092884,0.0011325792549482358,0.0706911744830543,0.06635602578929026,0.00024112596233177624,0.0009029427172241894,0.9209129511677278,0.9936998854524622,0.9908699549303466,0.8830760580309361,0.000346931542738467
82,0.12833064459507762,0.09854293524050245,0.008470098333421097,0.0010942664800905715,0.07076028145883725,0.06643914472158641,0.0002409352072552867,0.0008995827950843393,0.9219330855018583,0.994272623138602,0.9907852296934587,0.8835988915360165,0.0003431137136050962
83,0.12717668121936274,0.09944996553308824,0.00778752853667814,0.001090636284522761,0.0707875691252212,0.06648314203301521,0.00024045726780611682,0.0008957639384959489,0.9199788023317431,0.994272623138602,0.9907367737161732,0.8836076927249508,0.00033927056480716807
84,0.12637807808670343,0.0971518123851103,0.008281544454736648,0.0010951671725005106,0.07075373634491881,0.06646298496350306,0.00024059997956836214,0.0008922379028549648,0.9223817118553956,0.9936998854524622,0.9907642633703458,0.8842843250892273,0.0003354031470231901
85,0.12593375810610702,0.09822248072406045,0.007769614263297686,0.0011010575138665493,0.0706890785905052,0.06640825053192165,0.00024119983164096022,0.0008893071253333224,0.9243070362473343,0.9931271477663225,0.9906981270278657,0.8844453491133528,0.00033151251756656877
86,0.12422194138071896,0.09661478279462826,0.007775799277561163,0.0010700581120509727,0.07071089133892429,0.06644827093435748,0.00023874062973023585,0.0008865995574466136,0.9242666666666662,0.9925544100801827,0.9906300234026412,0.8847093053817983,0.0003275997400965496
87,0.1256243537454044,0.0965524311938317,0.008261291497673084,0.0010720371420866524,0.07074008130183503,0.06649116555985794,0.0002373389392872192,0.0008842247263443354,0.9272338148742638,0.9925544100801827,0.990601957820446,0.8850110617084898,0.0003236658843274242
88,0.12661838905484069,0.10092462277879902,0.007128179930393992,0.001076969445920458,0.07075531013548102,0.0665277398306213,0.00023379311410467817,0.0008815477469821193,0.9271948608137041,0.991981672394043,0.9906099539155119,0.8855153837397423,0.0003197120257360805
89,0.12838238485498366,0.098944091796875,0.008372602431602727,0.0010806407803803488,0.07079344232604928,0.066582845396375,0.0002321433222780353,0.0008785417912098405,0.9271948608137041,0.991981672394043,0.9905221827231705,0.8853073755553293,0.0003157392452679783
90,0.12272302964154412,0.09459005118974673,0.007951659938089209,0.0010692964192309412,0.07072558034568617,0.06653453770293492,0.00022964364085952457,0.0008755279566718427,0.9281886387995708,0.991981672394043,0.9904852106667839,0.8862123909744481,0.00031174862904162964
91,0.1255380667892157,0.09721336614072712,0.007993427133248522,0.0010865429647607741,0.07052641928400079,0.06635281715763214,0.00022824184662613542,0.0008722191259741239,0.931145777299623,0.9914089347079033,0.9904592252156548,0.8869887033034184,0.00030774126805166473
92,0.1256631290211397,0.09779284109477124,0.007860200545367072,0.0010726560954174963,0.07039913737542552,0.06623622548838728,0.0002279898875231374,0.000869735581034871,0.9321851453175453,0.991981672394043,0.9903754810325491,0.8872209438472025,0.0003037182578705651
93,0.11968463573580473,0.09326806161917892,0.007393779318317089,0.0010586489259807113,0.0703186101565078,0.06616019561342452,0.00022879379585366187,0.000868008319197061,0.9327233584499457,0.9925544100801827,0.9902285829341303,0.8869809015150765,0.0002996806983491445
94,0.11883138020833334,0.0960726868872549,0.006195198009216707,0.0010431345771340762,0.07015427229203046,0.06600173710756106,0.00022989419620105632,0.0008657131818246488,0.9301825993555313,0.991981672394043,0.9901537982637498,0.887416839200563,0.0002956296933158616
95,0.11666399388531454,0.09433430191738154,0.0060690627378575945,0.001030727461272595,0.06999236773954678,0.06584354117512703,0.00023188838953435098,0.000863290414454407,0.9311827956989243,0.991981672394043,0.9901216163966888,0.887766629878679,0.0002915663502750433
96,0.11487765842013889,0.09379188687193628,0.0056528375039692795,0.0010321504929486443,0.06973348241554547,0.0655904673890436,0.00023317486834478432,0.0008608725019751891,0.9311827956989243,0.991981672394043,0.9900596834857457,0.8886731399316499,0.0002874917801041047
97,0.1197696062474469,0.09450663647620507,0.007049480139040479,0.00102894976248149,0.06955327653245294,0.06541932668519891,0.00023348212140329505,0.0008583759094830857,0.9306078536847763,0.9908361970217635,0.9899786643101612,0.8892772217031164,0.00028340709674984637
98,0.11993300494025735,0.09370871151194853,0.007348539626676273,0.001045094284356809,0.06933739407149624,0.06521244615860726,0.0002336186832869553,0.0008560229556902937,0.9325053995680341,0.9891179839633443,0.9899196753253275,0.8904843589419252,0.00027931341692391195
99,0.11662314421211192,0.0949740540747549,0.005837216252594991,0.0010345035129123263,0.06904758137042664,0.06493972218063869,0.00023094468015686238,0.0008537563448559204,0.9345238095238091,0.9891179839633443,0.9899575068570474,0.8908814460089914,0.0002752118597974906
100,0.11616585924734477,0.09159916896446078,0.00683543760012957,0.0010156594070733762,0.06891986982871408,0.06482701318244956,0.00022884458622397626,0.0008515807203034186,0.9360780065005413,0.989690721649484,0.9899379091383272,0.8910809272131809,0.0002711035466953471
101,0.12068126404207516,0.09377313751021242,0.0075628896164738274,0.0010540862488590814,0.06869377770788593,0.06461338338242274,0.00022731790293569433,0.0008496101398114541,0.9356060606060601,0.9902634593356238,0.9899526509811738,0.8913168134561433,0.00026698960078926217
102,0.11662370270373774,0.0926782146777982,0.00662945376502143,0.0010146247016059027,0.06852222841284046,0.06445324124946986,0.0002260312245181681,0.0008477233358250599,0.9361126150514343,0.9902634593356238,0.9900217409115835,0.8918675783394077,0.00026287114679096916
103,0.11500339882046569,0.09025292490042892,0.006893378301383623,0.0010173323886846406,0.06831582205276511,0.06425366737799013,0.00022627106446721783,0.0008458353272856098,0.9361126150514343,0.9902634593356238,0.9901285698755139,0.8929079628290738,0.0002587493106446686
104,0.11792825935712827,0.093005410986009,0.006960366442312602,0.0010104939828511157,0.0681655447606899,0.06411081731115302,0.00022626222899613146,0.0008439851569152143,0.9361471861471857,0.9908361970217635,0.9902083428205407,0.8931929761225629,0.00025462521921920656
105,0.11651399899152369,0.092684956469567,0.0065778992534462925,0.0010238828222736034,0.06789891520455547,0.06385247574345163,0.0002257450541282566,0.0008423010774539384,0.9356408869659271,0.9908361970217635,0.9901426380941815,0.8933822565904114,0.0002505000000000001
106,0.1184899822559232,0.09339711307700163,0.006973932459463481,0.0010425848119399127,0.0675288972415064,0.06349191836774622,0.00022534205817211351,0.0008402381851933216,0.9356408869659271,0.9908361970217635,0.9901303567320227,0.8944919133027028,0.0002463747807807937
107,0.10939203399458741,0.08962330537683824,0.005262146432415332,0.000995431538500817,0.06725478709832719,0.0632257168287556,0.00022479093282219855,0.0008386743630252813,0.9346299297676927,0.9908361970217635,0.9901242178508397,0.8958009233278001,0.00024225068935533175
108,0.11374563578686683,0.09074128593494689,0.006310612235973084,0.0010176465402241626,0.0670026608627953,0.06298276326155554,0.00022437085305047156,0.0008366962934134009,0.9346299297676927,0.9908361970217635,0.9901183551426544,0.8969425941404559,0.00023812885320903117
109,0.11589167975132761,0.0905993492774714,0.007091706406836416,0.0010045625025929968,0.06675676179871168,0.06274644203790247,0.00022365243429824132,0.0008348406398281898,0.9341252699784013,0.9908361970217635,0.9901140164452302,0.897735906288546,0.00023401039921073808
110,0.11077749214920343,0.0883996502246732,0.006139708656111574,0.0009903402889476103,0.06653210248576996,0.0625308911788137,0.00022317346432097426,0.0008329227763402476,0.9316101238556808,0.9908361970217635,0.9901307502781636,0.8988962979263715,0.00022989645330465325
111,0.11613047481362336,0.09137708875868056,0.006923088061264138,0.0009964014190474368,0.06624552641557233,0.06225238503998817,0.00022300434481941554,0.0008310321439376535,0.9316101238556808,0.9908361970217635,0.9901906983463532,0.8999958499770585,0.0002257881402025097
112,0.11697439555249182,0.09096057368259804,0.007329743516211416,0.0010064405553481157,0.0658931100749534,0.06190806477581529,0.00022315576460720657,0.000828894580550679,0.9306451612903222,0.9914089347079033,0.9902611190158666,0.9015269991327572,0.00022168658307608846
113,0.10865334903492647,0.08787087833180147,0.005616139118967493,0.0009831821217256434,0.06565422188813828,0.06167678114826276,0.0002233026208745137,0.0008268832637328807,0.9296455424274969,0.9914089347079033,0.9903071779727786,0.9021948425793616,0.00021759290325015397
114,0.1100537268944036,0.08941853841145833,0.005552834155512791,0.000994299595652063,0.06529896932581788,0.061329634290307626,0.0002231275016648193,0.0008249881668824311,0.9291465378421896,0.9914089347079033,0.990396128814996,0.9033362055442604,0.00021350821989589552
115,0.1127004984936683,0.0903933456520629,0.006127096469106238,0.000981722937689887,0.06498987467525756,0.061027256100009024,0.00022322071146604831,0.0008232391359110163,0.9291465378421896,0.9914089347079033,0.9904320068667468,0.9040551726784052,0.00020943364972495702
116,0.11198279686223447,0.0895043865527982,0.006178732323490716,0.00098622889300577,0.06461400778530395,0.06065884997991666,0.00022337501671922192,0.0008212582183763657,0.9296455424274969,0.9914089347079033,0.9904892518504503,0.9049275617241188,0.00020537030668413872
117,0.10858728745404411,0.08902883093341503,0.005230699021831837,0.0009667165918287888,0.06428461863774143,0.060335954880877715,0.0002238534908682176,0.0008192758687737836,0.9291465378421896,0.9914089347079033,0.9904624452804847,0.9058433261020331,0.0002013193016508558
118,0.10816012114481209,0.08643926483353759,0.005946796392303666,0.0009703748366411994,0.06401025201087673,0.060066500908299666,0.00022437091889954917,0.0008176596496109617,0.9296455424274969,0.9914089347079033,0.9904528790713991,0.9061934580048867,0.00019728174212943532
119,0.11128532060610703,0.08906784556270425,0.006083458389332092,0.0009920325933718214,0.06377260397150092,0.05983459053042273,0.0002246250063032082,0.0008160346400281882,0.9296833064949003,0.991981672394043,0.9904928784747276,0.9068938491373458,0.00019325873194833568
120,0.10971360549428105,0.0877832350388072,0.005990799268086751,0.000989216449213963,0.06352714578446732,0.05959580282438291,0.00022487886379989603,0.0008141766007262448,0.930220075147611,0.9925544100801827,0.9905522532906671,0.9073797597669087,0.00018925137095837075
121,0.11462186925551471,0.09063720703125,0.006679243355794669,0.0009875609204660055,0.06328391936952121,0.059360225791256174,0.00022497749036883927,0.0008121902823711843,0.9302575107296133,0.9931271477663225,0.9906176451817396,0.9084356590967066,0.00018526075473202208
122,0.10681615093954248,0.0865090762867647,0.005476679365619335,0.0009687274110083486,0.06305048614740372,0.05913409786341397,0.0002250134326691939,0.0008103370078579952,0.9297963558413714,0.9936998854524622,0.9906779084355765,0.9092880350648331,0.00018128797426391995
123,0.10622303283292484,0.08699376723345588,0.0051395713893416664,0.0009529805650898054,0.06283186119236903,0.05892340473184302,0.00022499798478124893,0.0008083657038899896,0.9288008565310488,0.9936998854524622,0.9906979734412447,0.9097201892125094,0.00017733411567257617
124,0.10482871859681372,0.08395653020322713,0.0056766979055467,0.0009603600096858405,0.06270292569717316,0.05880129696231454,0.00022539209190928312,0.0008063632053999256,0.9302949061662193,0.9936998854524622,0.9907270589212536,0.9101246812254893,0.0001734002599034508
125,0.10989706999336193,0.08832720588235295,0.005907943825316585,0.0009617861579446232,0.0625243275405065,0.05863045724151341,0.0002256634105081972,0.0008042200429143903,0.9288008565310488,0.9936998854524622,0.990763179693384,0.9108266031232632,0.0001694874824334316
126,0.1050174089818219,0.08421969943576389,0.005677899815677817,0.000940901313731873,0.06230941834991381,0.05842192506749336,0.00022594290196770148,0.0008024161239792529,0.9278074866310156,0.9936998854524622,0.9907960410756207,0.9111229039443979,0.00016559685297681015
127,0.10065239800347223,0.08230000414879493,0.004876949740391151,0.0009305100035823248,0.062073404777403834,0.05819093936110196,0.0002263033747690045,0.0008008888899773938,0.9268162393162389,0.9936998854524622,0.9908648568089197,0.9119147077464623,0.00016172943519283226
128,0.10753305472579656,0.08508795445261438,0.006199025172813266,0.0009621109058654386,0.06187392073815272,0.05799774022679351,0.00022661061407296522,0.000799087167783432,0.9268162393162389,0.9936998854524622,0.9909795816761332,0.912555965388649,0.00015788628639490403
129,0.10675643222783905,0.08745308670343137,0.005163309465046802,0.0009529176101185917,0.061679231538756256,0.05780841245158622,0.0002269550193006547,0.0007974885140447856,0.9273115980758948,0.9936998854524622,0.9910717039717173,0.9127787109208569,0.00015406845726153326
130,0.10728388767616422,0.08742607964409722,0.005338258680954478,0.0009606043497721354,0.061435563277164006,0.05757099483587426,0.00022701704441399642,0.0007958793547536038,0.9277688603531296,0.9931271477663225,0.9911970429040707,0.9132762673332803,0.00015027699154908426
131,0.10028155956392974,0.08031512491064134,0.00541588480955635,0.0009300892649133221,0.06124645784565303,0.05738622664588772,0.0002271557533364003,0.0007946909972483539,0.925787506673785,0.9931271477663225,0.991293290835714,0.9141246143963295,0.00014651292580642518
132,0.10343951056985294,0.08594735338796977,0.004574414483861986,0.000942169762904348,0.0610157808960845,0.05716105635579863,0.00022726213946496244,0.0007932345477489916,0.9268162393162389,0.9936998854524622,0.9913881960777794,0.9152601620641521,0.00014277728909154613
133,0.10474215239481209,0.08523743074703839,0.005247706681295158,0.0009405827989765242,0.060731137894332134,0.056882213460936394,0.00022746597292575747,0.0007916315683040376,0.92632140950347,0.9936998854524622,0.9915158251649941,0.9155337033460968,0.00013907110269022486
134,0.10383843315972222,0.08500789068882761,0.005043783530690312,0.000925294090719784,0.060476521327751415,0.05663433482181536,0.0002276467295739902,0.0007898116188727694,0.9273115980758948,0.9936998854524622,0.9915892528051347,0.9161808118989633,0.0001353953798368175
135,0.10658158445669935,0.08583713107638889,0.005654432571012211,0.0009451348797168607,0.060244204553022776,0.05640751009458276,0.00022788350418535356,0.0007882610021358925,0.9268162393162389,0.9936998854524622,0.9916775404848395,0.9166828495133073,0.0001317511254372502
136,0.10302084131178513,0.08672381631689134,0.004197301272473304,0.0009260458104750689,0.060010924918330426,0.05618112750317408,0.0002282013678492672,0.000786298343600263,0.926972281449893,0.9959908361970212,0.9917868953377239,0.9169772704590233,0.00012813933579428828
137,0.10084172666462418,0.08114452486723857,0.005334648587345297,0.0009236684811660667,0.05972419667257566,0.055901614736476445,0.00022858076637980772,0.0007842098785081631,0.9279999999999996,0.996563573883161,0.9918829897774489,0.9178023098636388,0.00012456099833515653
138,0.10330607096354166,0.08387227775224673,0.005244605058158924,0.0009248334597917943,0.05946069198860426,0.055644405469910736,0.00022867180655027856,0.0007825677824519218,0.9270111880660624,0.996563573883161,0.991984130102507,0.9185518090046718,0.00012101709134158685
139,0.10242963803359885,0.0843051087622549,0.00481618214276881,0.0009192952922746247,0.05918919238938044,0.05538110116913438,0.0002286823873209329,0.0007805110324284733,0.9279999999999996,0.996563573883161,0.9920618974672387,0.9194219001823825,0.00011750858368236566
140,0.10471450705933415,0.0841494491676879,0.0056089778351627925,0.0009343677096896702,0.058939438806549053,0.05513976141810417,0.0002286172122827446,0.0007784564944290339,0.9279999999999996,0.996563573883161,0.9921055301669119,0.9200327673156924,0.00011403643454845458
141,0.10340296926062091,0.0831179949193219,0.005533075644299875,0.0009209564308715022,0.05870136887379433,0.054910681801571694,0.00022855361509742852,0.000776256597149037,0.9299839657936928,0.996563573883161,0.9921402343963448,0.9206808034390844,0.00011060159319075766
142,0.0995535258374183,0.08163599749795751,0.004751882210276485,0.0009155167473687066,0.05846187732603452,0.054679351089071467,0.00022820803089881715,0.0007744755376115458,0.9294871794871791,0.996563573883161,0.9922070105388785,0.922112198416357,0.00010720499866060563
143,0.10407152362898284,0.08422289081648285,0.0053989329369239555,0.0009130901760525174,0.05825043917042479,0.05447556165187326,0.00022809547369504458,0.0007726478450995398,0.9304812834224594,0.996563573883161,0.9922049169608526,0.9229374015191208,0.00010384757955302803
144,0.10023277133118873,0.08209033043555965,0.004812791612413194,0.000926060770072189,0.05802278844937342,0.054256478264995904,0.00022805602345286048,0.0007705355814464611,0.9275053304904046,0.996563573883161,0.9922324070020586,0.9237684436864948,0.0001005302537528853
145,0.09594794379340278,0.08085071837979983,0.00384064281688017,0.000894214281069687,0.05778829670047651,0.054030498055970835,0.000228068786944352,0.0007683980761342533,0.9279999999999996,0.996563573883161,0.9922208294767035,0.9243857008328966,9.725392818392792e-05
146,0.09801240808823529,0.08277416353911356,0.003885647362353755,0.000895543191947189,0.057560040560215034,0.05381034726285499,0.00022809821895704302,0.0007663496284103489,0.9275053304904046,0.996563573883161,0.9921765861099144,0.92500669345269,9.401949856085255e-05
147,0.10279979830473857,0.08364313661662581,0.005155261980941872,0.0009235313515257991,0.05733982733871839,0.05359666342060315,0.00022809720896110024,0.0007647181252181343,0.9284951974386335,0.996563573883161,0.9921724155249462,0.9254485393299033,9.082784914442253e-05
148,0.09886518490859886,0.08194919162326389,0.004430487109165566,0.0009060816048017514,0.05716149930812452,0.05342589543290334,0.00022800386201305374,0.0007628981108016007,0.9275053304904046,0.996563573883161,0.9921892975258041,0.9260821991357471,8.767985249971994e-05
149,0.10077008016748366,0.08368582133374183,0.004482876864913242,0.0009093035280314925,0.056950417980891926,0.05322298120077887,0.00022794480522463022,0.0007609005502614376,0.9275439531166751,0.9971363115693007,0.9922395917395359,0.9264390435724399,8.457636925759496e-05
150,0.10063013812295751,0.08353845932904412,0.004481696926690395,0.0009119058746138429,0.05676661419882078,0.053047272032254365,0.00022794263173994017,0.0007588785665575415,0.9275439531166751,0.9971363115693007,0.9922594670726832,0.9272976922736339,8.15182478793777e-05
151,0.09640949722988154,0.08018978343290441,0.004208304523642546,0.0008985388512704886,0.05655908067476804,0.05284685132914482,0.00022799347533438287,0.0007570622786273542,0.9275439531166751,0.9971363115693007,0.9922492340696918,0.9283391010979347,7.850632442491788e-05
152,0.10248014163347631,0.08367142022824754,0.0050550749099332526,0.0009110930698369843,0.05636866657769299,0.05266283947515161,0.00022808214766239178,0.000755395168958436,0.9285333333333329,0.9971363115693007,0.9922471190076613,0.9289520908531635,7.554142232401414e-05
153,0.09604025448069853,0.07880081475949754,0.0045619445688584274,0.0008880827162000868,0.05617853117996155,0.05247885795080499,0.00022812803642936988,0.0007538223659330511,0.9290288153681959,0.9971363115693007,0.9922700464667079,0.9295382634167397,7.262435215129649e-05
154,0.09429245493770425,0.07736409505208333,0.004454469213298722,0.0008912179984298407,0.05601802568661568,0.052324624077234094,0.00022818126447804986,0.0007522144321922094,0.9295248264815799,0.9971363115693007,0.9922380067455779,0.9302135170005963,6.975591140462335e-05
155,0.10008074193218955,0.08224084392871732,0.004742070584515341,0.0009036219977085887,0.055833766313448344,0.05214710567639843,0.00022825684054748297,0.0007504725365763419,0.9290288153681959,0.9971363115693007,0.9922395846929676,0.9306978942119775,6.693688428705371e-05
156,0.09993066725388072,0.08041940327563317,0.005296088199989469,0.0009059675378737107,0.055654836878112464,0.051973610061760905,0.00022831204453362025,0.0007490727030640238,0.9300213675213671,0.9971363115693007,0.9923038790378836,0.9309991146842831,6.416804149245372e-05
157,0.09960474749795752,0.08303446052900326,0.004322783463920643,0.0009005047916586883,0.055492196708373284,0.051815926450300434,0.00022834828704197948,0.0007478063786561818,0.9315141787051895,0.9971363115693007,0.9923973291258511,0.9315900747093588,6.145013999479652e-05
158,0.09441396675857844,0.07823414522058823,0.004223441298491035,0.0008775548997268178,0.05534145465656502,0.05167149650315716,0.00022837807129075555,0.000746206000216569,0.9320128479657384,0.9971363115693007,0.9923802918684651,0.9316583458488719,5.878392284121369e-05
159,0.09961264616523693,0.0822564816942402,0.004584232810276007,0.0009006668539608226,0.055198435420723266,0.051534667015756104,0.0002283803165383152,0.0007446568839881382,0.9330117899249728,0.9971363115693007,0.992379071955419,0.9323623570718818,5.617011894885302e-05
160,0.09573978598600899,0.07975447910283905,0.004161446390588299,0.0008758401559069266,0.05504608630589698,0.05138804166488452,0.00022838068671511766,0.0007432256761479052,0.9330117899249728,0.9971363115693007,0.9924059978204041,0.9324707587074682,5.360944290559987e-05
161,0.09777225668913399,0.0817172181372549,0.004151058508679758,0.0009002311556946998,0.05489579785496133,0.05124371160315052,0.00022841226430471613,0.0007417123985623507,0.9329758713136724,0.996563573883161,0.99245872263325,0.9334259962115861,5.110259477471633e-05
162,0.09245142718545751,0.07773309844771242,0.0037333973092970505,0.0008794659882589103,0.0547385746655671,0.05109197688905616,0.00022844355956058032,0.0007403167926804184,0.9324758842443726,0.996563573883161,0.9925136333003427,0.9338758434561818,4.865025990345068e-05
163,0.09806410845588236,0.08121357836754493,0.004433904442132688,0.0008873048171498417,0.054593186349221015,0.05095184938004028,0.0002284541419259651,0.0007389936462995176,0.9339419978517718,0.9959908361970212,0.9925361688808367,0.9345285456202225,4.62531087356703e-05
164,0.10127527573529412,0.08292862636591095,0.004927159134858574,0.0008911382139118668,0.05447078759879826,0.05083474843469385,0.00022844058784685995,0.0007376793776500595,0.9344086021505372,0.9954180985108815,0.9925678667483397,0.9350953878209877,4.391179662856904e-05
165,0.09755879321129493,0.0819162007250817,0.00402679536856857,0.0008905230004803028,0.054352244574865795,0.050721079043057414,0.00022840604266326144,0.0007364868702575327,0.9344438473938738,0.9959908361970212,0.9925871960738285,0.9357539514798253,4.1626963673499165e-05
166,0.09944450029360703,0.08474280662785948,0.0037114154279621597,0.0008923025692210478,0.05420003496280544,0.05057445651592185,0.00022839971158343056,0.0007350948141126566,0.9354491662183966,0.9959908361970212,0.9925957239336167,0.9365045073024497,3.9399234520976674e-05
167,0.09618119383169935,0.08130377476511438,0.003780603097155203,0.0008841259027618208,0.05406193350139818,0.05044208308809424,0.00022842754833410882,0.0007336419346831637,0.9369272237196761,0.9954180985108815,0.9926382989947399,0.9369599573270998,3.72292182099081e-05
168,0.102645893969567,0.08564780241523692,0.004475838218639099,0.0008927027384440105,0.053938034411570794,0.050323382326184884,0.00022845183136090466,0.0007323241795542901,0.936422413793103,0.9954180985108815,0.9926583488003026,0.9374107284761696,3.511750800108534e-05
169,0.09339799070669935,0.07927473479626225,0.003548341015585108,0.0008694673675337648,0.05381493782411972,0.050205393894214065,0.00022849408201618146,0.0007310154028906653,0.9374325782092767,0.9954180985108815,0.9926914102722205,0.9376359872062711,3.3064681214994374e-05
170,0.09457545062295751,0.07964892418555965,0.0038022167542401484,0.0008798119289423126,0.05369813636489655,0.05009384420976791,0.00022854758801308704,0.0007296623663443086,0.9385113268608409,0.996563573883161,0.9927271760150489,0.9378886183813242,3.107129907398103e-05
171,0.09354068531709558,0.0787817063674428,0.0037573181725794975,0.000871890198950674,0.05359004653956248,0.04999022597455543,0.00022859916385458825,0.0007285057659022782,0.9380053908355791,0.996563573883161,0.9927795060907977,0.9383334549858425,2.9137906548818875e-05
172,0.09674303640727124,0.0802682515063317,0.00432843865911945,0.0008724368475621042,0.05348852555773574,0.049893237327195736,0.00022861856660756738,0.000727358155885975,0.9374999999999996,0.996563573883161,0.9928197464803821,0.939057206622806,2.7265032209719532e-05
173,0.09366770226970997,0.07662221871170344,0.004520468462526408,0.0008711313110551024,0.053378674605665685,0.049787711828402734,0.00022862282898978726,0.0007262736023084758,0.9369951534733436,0.996563573883161,0.9928439212994782,0.9392055361879373,2.54531880818268e-05
174,0.09410667668760213,0.07947423598345588,0.0037165529587689567,0.0008707096374112796,0.05327056897761615,0.04968493181752832,0.00022860633156987408,0.0007249545671426389,0.9369951534733436,0.996563573883161,0.9928631625176748,0.939466287672154,2.3702869505234026e-05
175,0.09810033062704249,0.08231584137561275,0.004081415818407644,0.0008854448405745762,0.05316987524838208,0.04958957214265654,0.00022857335852469705,0.0007236457644317503,0.9374999999999996,0.996563573883161,0.9928922099270665,0.9398091181373053,2.2014554999563224e-05
176,0.0979467454299428,0.08160272735396241,0.004266668612660925,0.0008859478570277395,0.0530632936723156,0.049487552039971634,0.00022855084319014238,0.0007225222792316943,0.9380053908355791,0.996563573883161,0.9929113058345346,0.9404375819769412,2.038870613314252e-05
177,0.09691912083843954,0.08265392827052696,0.003585611449347602,0.0008765519834032246,0.052970595793909135,0.04939888904219893,0.0002285366090914005,0.0007215242621065734,0.9390178089584453,0.996563573883161,0.9929304330464771,0.9412087087296737,1.8825767396818068e-05
178,0.09845692753012664,0.08139588599111519,0.00450952208899205,0.0008827614628411585,0.052870858324581084,0.04930316185638241,0.0002285084817011003,0.0007205427933662926,0.9395574743658927,0.9971363115693007,0.9929653421555363,0.9417841329447831,1.73261660824345e-05
179,0.09488764744178922,0.08044549281301062,0.0036510278976041506,0.0008723813723894505,0.05278284703147466,0.04921921476993931,0.00022846927365860115,0.0007195560925812397,0.9400647948164143,0.9971363115693007,0.9929761580773977,0.9421482485106182,1.58903121660178e-05
180,0.09741542043249592,0.08311252967984069,0.0036027302149853674,0.0008739446502885009,0.052697208118901405,0.04913766569878957,0.00022845296494845624,0.000718545859688085,0.9405726634251751,0.9971363115693007,0.9929973201270597,0.9426647419972364,1.4518598195691668e-05
181,0.09308268229166666,0.07843867283241422,0.003729920917087131,0.0008631955564411637,0.05261626254478002,0.049060688511421695,0.00022841878070551308,0.0007175793977598894,0.9405726634251751,0.9971363115693007,0.9930082463109613,0.9430354114137816,1.3211399184359204e-05
182,0.0937759299683415,0.08017147288602941,0.003373423277163038,0.0008711521921594158,0.052542448350011484,0.0489910264163529,0.000228383253832437,0.0007165680627751092,0.9410810810810806,0.9971363115693007,0.99303654160097,0.9431673729235339,1.1969072507177778e-05
183,0.09378961301317403,0.07907527350132762,0.003746340477388669,0.0008690005034403084,0.05246970411305014,0.048921957101723916,0.00022835979368654612,0.0007156669101082469,0.9410810810810806,0.9971363115693007,0.9930749020374462,0.9436664905864433,1.0791957803856424e-05
184,0.0966601801853554,0.08093022365196079,0.0040909497566472474,0.0008641922395992902,0.05240648612380028,0.04886228900794025,0.0002283467822144718,0.0007147892347970748,0.941590048674959,0.9971363115693007,0.9930986899338456,0.9434767811152984,9.680376885801541e-06
185,0.09650352328431372,0.08135754953022876,0.0038939552369460563,0.0008662435743543837,0.05234084489274787,0.048800267330179475,0.00022831531984414735,0.0007139079122045013,0.943120260021668,0.9971363115693007,0.9931028733792193,0.943403001265396,8.634633648137079e-06
186,0.09581837373621324,0.08005167643229166,0.004095280715842652,0.0008697684294258068,0.052279957846555536,0.04874280059378441,0.00022828211343674986,0.0007130777005895071,0.9446554530656533,0.9971363115693007,0.9931428984172873,0.9437315385756682,7.655013986622574e-06
187,0.0927636638965482,0.07816947986877043,0.003720498396680246,0.0008582682391397314,0.05222196497669503,0.048688092358308295,0.00022825567852057194,0.0007122764454252984,0.9446554530656533,0.9971363115693007,0.9931720896249542,0.9438722970621967,6.741785719491987e-06
188,0.09469189612694036,0.08073610791973039,0.003498534906923381,0.0008649084303114149,0.05216219808617139,0.04863170093801468,0.0002282351193886854,0.0007114479383113517,0.945198046663049,0.9977090492554405,0.993182594909631,0.9439603748769414,5.89519851423507e-06
189,0.09123906154258578,0.0782269247217116,0.0031941519843207465,0.0008575190126506332,0.052111173040110224,0.04858343082067629,0.0002282279658266322,0.0007107645801064392,0.9457111834961993,0.9977090492554405,0.9932294309908879,0.9440671582857298,5.115483819340602e-06
190,0.09251585318372141,0.0777432310814951,0.0037894445307114547,0.0008513500487882327,0.05205842056503034,0.048533687325509174,0.00022821686710082164,0.0007100206675947767,0.9462248777838127,0.9977090492554405,0.9932355545382,0.9442898773033832,4.402854801020783e-06
191,0.09007209329044118,0.07783258974162582,0.002923870086669922,0.0008669111463758681,0.05200818871662497,0.04848614198976456,0.0002282124900973517,0.0007093522787257842,0.9446854663774399,0.9977090492554405,0.9932634207502592,0.944557024359517,3.7575062849336136e-06
192,0.0955239688648897,0.08083476147620507,0.003738301096398846,0.0008686950783324398,0.051959319286830896,0.04844005334458939,0.00022820020655327428,0.0007086663393167668,0.945198046663049,0.9977090492554405,0.9932608483497231,0.9446065068981646,3.1796147029196908e-06
193,0.09336655560661765,0.07827710918351716,0.0038845835168377246,0.0008594039218877656,0.05191125300581052,0.0483945862445385,0.00022819780116820003,0.0007080183170159607,0.9462248777838127,0.9977090492554405,0.9932705042348597,0.9445519099120414,2.669338044767285e-06
194,0.09289227653952206,0.0772638059129902,0.0040568205266217,0.0008645836823905995,0.05186656648165559,0.04835251126795599,0.0002281865439660524,0.0007073739182084935,0.9467391304347822,0.9977090492554405,0.9932711532830332,0.944586658910066,2.2268158150196527e-06
195,0.09038229549632353,0.07694319182751226,0.0033441481247446898,0.0008522164587881051,0.05182842631318253,0.04831649067058955,0.00022818635000696312,0.0007068441228432896,0.9462248777838127,0.9977090492554405,0.9932841407204677,0.9449750695907804,1.852168994835874e-06
196,0.09553278505412582,0.08023147084354575,0.003941395391825757,0.0008689119924906812,0.05179047700204806,0.04828082571086818,0.00022817183204620363,0.0007062839584948163,0.9462248777838127,0.9977090492554405,0.9932855135758801,0.9451330801403588,1.5455000089157539e-06
197,0.0927099689159518,0.08014330895118464,0.0030346095951554043,0.000865722481721367,0.051753644937793955,0.04824629177649816,0.00022815893114210622,0.0007057191239782613,0.9467391304347822,0.9977090492554405,0.9932978925540528,0.9453696778383728,1.3068926974979406e-06
198,0.09284013735702615,0.0780038472094567,0.003800839068842869,0.0008581984276865043,0.05171697632703062,0.04821163436321363,0.00022815465640072544,0.0007052195159299512,0.9467391304347822,0.9977090492554405,0.9933270199308389,0.9455594192215224,1.136412293438951e-06
199,0.09013975056168301,0.07656202129289216,0.0033830084831886044,0.0008573295244204452,0.05168537538685755,0.04818186726948442,0.00022814792351527182,0.0007047661331367411,0.9467391304347822,0.9977090492554405,0.9933345958227738,0.9456701011892479,1.0341054043789834e-06
200,0.0947622660717933,0.07846595913756127,0.004270922592262817,0.0008710188024184283,0.051656493891591895,0.04815498649325545,0.00022814079507022298,0.0007042712304734765,0.9472539423599777,0.9977090492554405,0.9933474650204942,0.9458629048407928,1e-06
